{"y": [0.02938226909845863, 0.04257573432451549, 0.05429588440496035, 0.06362014754944942, 0.07028311691998708, 0.074418703371213, 0.07636016935227825, 0.07651093660565304, 0.075270887142538, 0.07299962869622341, 0.07000210576889129, 0.06652664714758096, 0.06276927096539049, 0.05888062431493275, 0.05497355791896002, 0.05113031641896781], "x": [0.05, 0.060000000000000005, 0.07, 0.08000000000000002, 0.09000000000000001, 0.1, 0.11000000000000001, 0.12000000000000001, 0.13, 0.14, 0.15000000000000002, 0.16000000000000003, 0.17000000000000004, 0.18000000000000005, 0.19, 0.2]}