{"y": [0.00017123492924514362, 0.00024993165288285753, 0.00035702306982292857, 0.0004996823872981665, 0.0006858984548709624, 0.0009242939677957514, 0.0012238690177013153, 0.0015936755996450419, 0.002042434834420665, 0.0025781142971030174, 0.0032074873816499224, 0.003935699608780327, 0.004765867891499441, 0.005698737890051624, 0.006732421791220406, 0.007862234388918327, 0.009080639618815353, 0.010377313197607388, 0.011739320265228299, 0.013151400440655846, 0.014596346935122658, 0.016055461683320768, 0.017509065101352875, 0.018937037184176216, 0.020319366220186885, 0.021636682326081288, 0.022870755106533535, 0.024004937776604975, 0.02502454377309985, 0.02591714593890664, 0.026672792519452666, 0.027284138220599916, 0.027746492242465944, 0.02805778837239367, 0.028218484792131557, 0.028231403177778492, 0.02810151793889864, 0.027835707085290384, 0.027442476285087242, 0.02693166726557558, 0.02631416090005448, 0.025601584216890245, 0.024806029255963764, 0.023939790272043644, 0.0230151243234486, 0.022044038854736617, 0.021038108537807333, 0.02000832241698282, 0.01896496133771183, 0.017917504741191543, 0.016874565183924085, 0.015843848389123342, 0.014832136246458875, 0.013845289933531416, 0.01288827021916021, 0.01196517200568326, 0.011079270255099569, 0.010233074602480578, 0.009428390171243136, 0.008666382351860662, 0.007947643573642827, 0.007272260375758372, 0.006639879358339416, 0.00604977085906576, 0.005500889448871656, 0.004991930567939233, 0.004521382827136108, 0.004087575679057799, 0.0036887223165052454, 0.0033229577851052344, 0.002988372402082782, 0.0026830406566205126, 0.0024050458308168005, 0.002152500626186358, 0.0019235641112115007, 0.0017164553229052067, 0.001529463861853223, 0.0013609578177885757, 0.001209389353272649, 0.001073298258171544, 0.0009513137687865993, 0.0008421549239810358, 0.000744629707505071, 0.0006576332018411588, 0.0005801449549818692, 0.0005112257381773579, 0.0004500138502752845, 0.00039572110313542953, 0.0003476286029471012, 0.0003050824242403768, 0.00026748925702476783, 0.00023431209281949257, 0.00020506600232438865, 0.00017931404605337758, 0.0001566633493245625, 0.00013676136446774052, 0.00011929233585719932, 0.00010397397728676699, 9.055436615601934e-05, 7.880905481490579e-05], "x": [0.5, 0.51010101010101, 0.5202020202020202, 0.5303030303030303, 0.5404040404040404, 0.5505050505050505, 0.5606060606060606, 0.5707070707070707, 0.5808080808080808, 0.5909090909090909, 0.601010101010101, 0.6111111111111112, 0.6212121212121212, 0.6313131313131313, 0.6414141414141414, 0.6515151515151515, 0.6616161616161617, 0.6717171717171717, 0.6818181818181819, 0.6919191919191919, 0.702020202020202, 0.7121212121212122, 0.7222222222222222, 0.7323232323232324, 0.7424242424242424, 0.7525252525252526, 0.7626262626262627, 0.7727272727272727, 0.7828282828282829, 0.7929292929292929, 0.803030303030303, 0.8131313131313131, 0.8232323232323233, 0.8333333333333334, 0.8434343434343434, 0.8535353535353536, 0.8636363636363636, 0.8737373737373737, 0.8838383838383839, 0.893939393939394, 0.9040404040404041, 0.9141414141414141, 0.9242424242424243, 0.9343434343434344, 0.9444444444444444, 0.9545454545454546, 0.9646464646464648, 0.9747474747474748, 0.9848484848484849, 0.994949494949495, 1.0050505050505052, 1.0151515151515151, 1.0252525252525253, 1.0353535353535355, 1.0454545454545454, 1.0555555555555556, 1.0656565656565657, 1.0757575757575757, 1.0858585858585859, 1.095959595959596, 1.106060606060606, 1.1161616161616164, 1.1262626262626263, 1.1363636363636365, 1.1464646464646466, 1.1565656565656566, 1.1666666666666667, 1.176767676767677, 1.1868686868686869, 1.196969696969697, 1.2070707070707072, 1.2171717171717171, 1.2272727272727273, 1.2373737373737375, 1.2474747474747474, 1.2575757575757578, 1.2676767676767677, 1.2777777777777777, 1.287878787878788, 1.297979797979798, 1.3080808080808082, 1.3181818181818183, 1.3282828282828283, 1.3383838383838385, 1.3484848484848486, 1.3585858585858586, 1.3686868686868687, 1.378787878787879, 1.3888888888888888, 1.3989898989898992, 1.4090909090909092, 1.4191919191919191, 1.4292929292929295, 1.4393939393939394, 1.4494949494949496, 1.4595959595959598, 1.4696969696969697, 1.47979797979798, 1.48989898989899, 1.5]}