{"y": [0.0016955936708039653, 0.031094454484317864, 0.1416562560045256, 0.2620204220534021, 0.2631321284249436, 0.17224754529556965, 0.0829174125682703, 0.031878935774276494, 0.010375620690241385, 0.002981631033649061], "x": [0.5, 0.6, 0.7, 0.7999999999999999, 0.8999999999999999, 0.9999999999999999, 1.0999999999999999, 1.1999999999999997, 1.2999999999999998, 1.4]}