{"y": [0.0017820458888502995, 0.030373930240442538, 0.1350980416748834, 0.25172665264028543, 0.25999772664435233, 0.17755228610770227, 0.09005639505286159, 0.03673903431286018, 0.012751898649503709, 0.003921988788258086], "x": [0.5, 0.6, 0.7, 0.7999999999999999, 0.8999999999999999, 0.9999999999999999, 1.0999999999999999, 1.1999999999999997, 1.2999999999999998, 1.4]}