{"y": [0.0633569675697419, 0.05934868677326168, 0.055593990003285694, 0.05207683425739887, 0.048782191494301984, 0.04569598442226065, 0.042805026349900493, 0.04009696484234381, 0.03756022894194277, 0.03518397972809481, 0.032958064004893074, 0.030872970918729186, 0.02891979132048507, 0.02709017969867702, 0.02537631852090084, 0.023770884831216657, 0.02226701896075141, 0.020858295217826162, 0.019538694432373535, 0.018302578237333608, 0.017144664977138107, 0.016060007140345278, 0.015043970219999925, 0.014092212911393443, 0.01320066856261332, 0.012365527798624282, 0.011583222244637526, 0.010850409279221606, 0.010163957752008278, 0.00952093460496821, 0.00891859234009214, 0.008354357279929643, 0.007825818570825307, 0.007330717881865597, 0.006866939755522174, 0.00643250256876213, 0.006025550066003895, 0.005644343427740983, 0.005287253840944561, 0.004952755539499724, 0.00463941928493885, 0.004345906259616573, 0.004070962346233265, 0.003813412769264657, 0.003572157075401622, 0.0033461644315525914, 0.003134469220318037, 0.0029361669141173955, 0.002750410210339514, 0.0025764054110029373, 0.002413409031457103, 0.0022607246236341924, 0.002117699800278055, 0.0019837234474353984, 0.0018582231132988224, 0.0017406625622447896, 0.0016305394836154717, 0.0015273833454545927, 0.0014307533840267478, 0.0013402367205298613, 0.0012554465969538864, 0.001176020723547976, 0.001101619730835198, 0.0010319257195605918, 0.00096664090237682, 0.0009054863314636171, 0.0008482007066444409, 0.0007945392589076726, 0.0007442727045618766, 0.0006971862655564769, 0.0006530787517818689, 0.0006117617014278571, 0.0005730585757273393, 0.000536804004644566, 0.0005028430802849523, 0.0004710306950073507, 0.000441230921410668, 0.0004133164315456528, 0.0003871679528702725, 0.00036267375862408796, 0.00033972919044411587, 0.0003182362111824118, 0.0002981029860146677, 0.00027924349004998614, 0.0002615771407652389, 0.0002450284536934756, 0.00022952671989522077, 0.00021500570383455825, 0.0002014033603690961, 0.00018866156964457336, 0.00017672588876136593, 0.00016554531915182266, 0.00015507208867447984, 0.00014526144749409543, 0.00013607147687533786, 0.00012746291007315093, 0.00011939896455449426, 0.0001118451848345828, 0.00010476929525609647, 9.814106208231785e-05], "x": [1, 2, 3, 4, 5, 6, 7, 8, 9, 10, 11, 12, 13, 14, 15, 16, 17, 18, 19, 20, 21, 22, 23, 24, 25, 26, 27, 28, 29, 30, 31, 32, 33, 34, 35, 36, 37, 38, 39, 40, 41, 42, 43, 44, 45, 46, 47, 48, 49, 50, 51, 52, 53, 54, 55, 56, 57, 58, 59, 60, 61, 62, 63, 64, 65, 66, 67, 68, 69, 70, 71, 72, 73, 74, 75, 76, 77, 78, 79, 80, 81, 82, 83, 84, 85, 86, 87, 88, 89, 90, 91, 92, 93, 94, 95, 96, 97, 98, 99, 100]}