{"y": [0.002974167031111481, 0.0075194939553222566, 0.014736534829590786, 0.02430457639805514, 0.03546059883747984, 0.04726865884858306, 0.05883759676890232, 0.06944830706963794, 0.07860138756615793, 0.08601167908810284, 0.09157475104755328, 0.09532329975276178, 0.09738423415980313, 0.09794179681143371, 0.09720858018471482, 0.09540433765078984], "x": [0.05, 0.060000000000000005, 0.07, 0.08000000000000002, 0.09000000000000001, 0.1, 0.11000000000000001, 0.12000000000000001, 0.13, 0.14, 0.15000000000000002, 0.16000000000000003, 0.17000000000000004, 0.18000000000000005, 0.19, 0.2]}