{"y": [0.00047003780826945855, 0.0005525040415094354, 0.0006440390010656333, 0.0007449230770195911, 0.0008553796859303366, 0.0009755739001222639, 0.001105611919938897, 0.0012455413183326037, 0.0013953519805210118, 0.0015549776578078402, 0.0017242980535493403, 0.0019031413601850267, 0.0020912871688183042, 0.002288469676648708, 0.0024943811222887767, 0.002708675384358358, 0.002930971684494338, 0.0031608583418441575, 0.003397896532063316, 0.003641624009681739, 0.003891558758340966, 0.004147202538759933, 0.00440804430930863, 0.004673563498721627, 0.004943233114748163, 0.005216522676403715, 0.005492900960962848, 0.005771838559923102, 0.00605281024089043, 0.006335297114706917, 0.0066187886091836415, 0.006902784252538399, 0.007186795271095154, 0.0074703460070033745, 0.007752975162705801, 0.008034236879646352, 0.008313701659288507, 0.008590957134929696, 0.008865608703070316, 0.009137280023243967, 0.009405613395257337, 0.00967027002273824, 0.009930930171763972, 0.01018729323315143, 0.01043907769674765, 0.010686021045774536, 0.010927879578963524, 0.011164428167873181, 0.011395459956422204, 0.011620786009297696, 0.011840234915519748, 0.012053652353062433, 0.012260900620052079, 0.012461858137689444, 0.012656418929675924, 0.012844492082566977, 0.013026001191130685, 0.013200883792456623, 0.013369090792241727, 0.01353058588637556, 0.013685344980658199, 0.013833355611210359, 0.013974616367876709, 0.014109136322680477, 0.014236934465159317, 0.014358039146199571, 0.014472487531787127, 0.014580325067908916, 0.014681604957667634, 0.014776387651514568, 0.01486474035135961, 0.014946736529183761, 0.015022455460657046, 0.015091981774152684, 0.015155405015446695, 0.015212819228299666, 0.015264322551033879, 0.015310016829143918, 0.015350007243911359, 0.015384401956934055, 0.015413311770426926, 0.015436849803104185, 0.015455131181411215, 0.01546827274583838, 0.015476392772017828, 0.015479610706277486, 0.01547804691530413, 0.01547182244954845, 0.015461058819989711, 0.015445877787865547, 0.015426401166962915, 0.015402750638059579, 0.015375047575100996, 0.015343412882695171, 0.015307966844507437, 0.015268828982138508, 0.015226117924071542, 0.0151799512842782, 0.015130445550078569, 0.01507771597885612], "x": [0.05, 0.05151515151515152, 0.05303030303030303, 0.05454545454545455, 0.05606060606060606, 0.05757575757575758, 0.0590909090909091, 0.06060606060606061, 0.062121212121212126, 0.06363636363636364, 0.06515151515151515, 0.06666666666666668, 0.06818181818181819, 0.0696969696969697, 0.07121212121212123, 0.07272727272727274, 0.07424242424242425, 0.07575757575757576, 0.07727272727272727, 0.0787878787878788, 0.0803030303030303, 0.08181818181818182, 0.08333333333333334, 0.08484848484848485, 0.08636363636363636, 0.08787878787878789, 0.0893939393939394, 0.09090909090909091, 0.09242424242424244, 0.09393939393939395, 0.09545454545454546, 0.09696969696969698, 0.0984848484848485, 0.1, 0.10151515151515153, 0.10303030303030304, 0.10454545454545455, 0.10606060606060608, 0.10757575757575759, 0.1090909090909091, 0.11060606060606062, 0.11212121212121214, 0.11363636363636365, 0.11515151515151516, 0.11666666666666668, 0.1181818181818182, 0.1196969696969697, 0.12121212121212123, 0.12272727272727274, 0.12424242424242425, 0.1257575757575758, 0.1272727272727273, 0.12878787878787878, 0.1303030303030303, 0.13181818181818183, 0.13333333333333336, 0.13484848484848488, 0.13636363636363638, 0.13787878787878788, 0.1393939393939394, 0.14090909090909093, 0.14242424242424245, 0.14393939393939395, 0.14545454545454548, 0.14696969696969697, 0.1484848484848485, 0.15000000000000002, 0.15151515151515155, 0.15303030303030304, 0.15454545454545457, 0.15606060606060607, 0.1575757575757576, 0.15909090909090912, 0.16060606060606064, 0.16212121212121214, 0.16363636363636364, 0.16515151515151516, 0.16666666666666669, 0.1681818181818182, 0.16969696969696973, 0.17121212121212123, 0.17272727272727273, 0.17424242424242425, 0.17575757575757578, 0.1772727272727273, 0.17878787878787883, 0.1803030303030303, 0.18181818181818182, 0.18333333333333335, 0.18484848484848487, 0.1863636363636364, 0.18787878787878792, 0.1893939393939394, 0.19090909090909092, 0.19242424242424244, 0.19393939393939397, 0.1954545454545455, 0.19696969696969702, 0.1984848484848485, 0.2]}