{"y": [0.06336823069417466, 0.059358517586374934, 0.05560252466344914, 0.05208419742711231, 0.04878849724983214, 0.045701337094191455, 0.04280952129969746, 0.040100689179664646, 0.03756326218708356, 0.0351863944236427, 0.032959926280361214, 0.030874341011675046, 0.028920724057358328, 0.027090724938406932, 0.025376521564012995, 0.023770786797065502, 0.02226665713526529, 0.02085770337398624, 0.019537903125484753, 0.018301615076994553, 0.01714355487767647, 0.01605877255135498, 0.015042631338495427, 0.014090787876984532, 0.013199173636999692, 0.012363977530612778, 0.011581629621795484, 0.01084878586719679, 0.010162313822469014, 0.009519279253045973, 0.008916933592142844, 0.008352702192368543, 0.007824173320733714, 0.007329087850014914, 0.006865329602412109, 0.006430916304224694, 0.006023991112882982, 0.0056428146801186, 0.0052857577173488265, 0.004951294031496608, 0.0046379940014787645, 0.0043445184674784825, 0.004069613006882628, 0.0038121025724170868, 0.0035708864695615746, 0.0033449336517755147, 0.0031332783134250678, 0.002935015761573828, 0.002749298548991731, 0.0025753328518532065, 0.0024123750766415273, 0.00225972868175602, 0.0021167412002364976, 0.001982801450878966, 0.0018573369258218602, 0.001739811343436411, 0.0016297223560612752, 0.0015265994027834602, 0.0014300016980875203, 0.0013395163477757824, 0.001254756584106346, 0.0011753601126051813, 0.001100987563486003, 0.0010313210410586979, 0.0009660627649259716, 0.0009049337971601571, 0.0008476728500196896, 0.0007940351691089878, 0.0007437914872079403, 0.0006967270442992994, 0.0006526406696052013, 0.0006113439217091018, 0.0005726602830877065, 0.000536424405610001, 0.0005024814037783933, 0.00047068619269100145, 0.0004409028678953011, 0.00041300412448240053, 0.00038687071293893, 0.00036239092943066696, 0.0003394601383391706, 0.0003179803250105775, 0.00029785967680484295, 0.00027901219065467063, 0.00026135730545670364, 0.0002448195577236695, 0.00022932825902562048, 0.00021481719384152582, 0.00020122433652972603, 0.00018849158620747795, 0.00017656451840636337, 0.0001653921524420501, 0.0001549267335040544, 0.00014512352853407703, 0.00013594063502042356, 0.00012733880189122235, 0.00011928126174087555, 0.00011173357367261386, 0.00010466347608540796, 9.804074877599423e-05], "x": [1, 2, 3, 4, 5, 6, 7, 8, 9, 10, 11, 12, 13, 14, 15, 16, 17, 18, 19, 20, 21, 22, 23, 24, 25, 26, 27, 28, 29, 30, 31, 32, 33, 34, 35, 36, 37, 38, 39, 40, 41, 42, 43, 44, 45, 46, 47, 48, 49, 50, 51, 52, 53, 54, 55, 56, 57, 58, 59, 60, 61, 62, 63, 64, 65, 66, 67, 68, 69, 70, 71, 72, 73, 74, 75, 76, 77, 78, 79, 80, 81, 82, 83, 84, 85, 86, 87, 88, 89, 90, 91, 92, 93, 94, 95, 96, 97, 98, 99, 100]}